time_s,fx,fy,fz,tx,ty,tz,fz_filtered,slope_dFz_dt
0.0005295000009937212,0.14,0.04,0.14,-0.002,-0.025,0.0,0.14,0.0
0.001224499999807449,0.14,0.04,0.14,-0.002,-0.025,0.0,0.14,0.0
0.0022996000006969552,0.14,0.04,0.14,-0.002,-0.025,0.0,0.14,0.0
0.0034302000003663125,0.14,0.04,0.14,-0.002,-0.025,0.0,0.14,0.0
0.004536600001301849,0.14,0.04,0.14,-0.002,-0.025,0.0,0.14,0.0
0.005906700000195997,0.14,0.04,0.14,-0.002,-0.025,0.0,0.14,0.0
0.006438000000343891,0.14,0.04,0.14,-0.002,-0.025,0.0,0.14,0.0
0.0074666000000434,0.14,0.04,0.14,-0.002,-0.025,0.0,0.14,0.0
0.008763700001509278,0.14,0.04,0.14,-0.002,-0.025,0.0,0.14,0.0
0.009372399999847403,0.14,0.04,0.14,-0.002,-0.025,0.0,0.14,0.0
0.010517600001548999,0.14,0.04,0.14,-0.002,-0.025,0.0,0.14,0.0
0.011419200000091223,0.34,0.3,-0.86,-0.002,-0.017,0.015,0.10774193548387098,-3.5372236192674724
0.012449100000594626,0.34,0.3,-0.86,-0.002,-0.017,0.015,0.0765244536940687,-7.038058555292157
0.013654500000484404,0.34,0.3,-0.86,-0.002,-0.017,0.015,0.04631398744587294,-10.274955040363054
0.014438800000789342,0.34,0.3,-0.86,-0.002,-0.017,0.015,0.017078052366973816,-12.413599769686357
0.015631600001142942,0.34,0.3,-0.86,-0.002,-0.017,0.015,-0.011214788031960823,-15.54923834869629
0.016453800000817864,0.34,0.3,-0.86,-0.002,-0.017,0.015,-0.038594956159962085,-19.872146624596294
0.017481300001236377,0.34,0.3,-0.86,-0.002,-0.017,0.015,-0.06509189305802782,-23.526187604896776
0.022853700000268873,0.34,0.3,-0.86,-0.002,-0.017,0.015,-0.09073409005615596,-14.897825626711002
0.022870400000101654,0.34,0.3,-0.86,-0.002,-0.017,0.015,-0.11554911940918319,-17.563461719612683
0.024715900000956026,0.34,0.3,-0.86,-0.002,-0.017,0.015,-0.13956366394437084,-14.128647877662658
0.025265500000386965,0.34,0.3,-0.86,-0.002,-0.017,0.015,-0.16280354575261693,-15.734931619858143
0.026436300000568735,0.34,0.3,-0.86,-0.002,-0.017,0.015,-0.18529375395414543,-14.695597074665109
0.027411099999881117,0.34,0.3,-0.86,-0.002,-0.017,0.015,-0.20705847156852786,-14.297022954125586
0.028546600000481703,-0.36,0.12,-0.06,0.001,0.019,-0.01,-0.20231464990502696,-19.599950788648936
0.1033359000011842,-0.36,0.12,-0.06,0.001,0.019,-0.01,-0.19772385474680026,0.0
0.1033858999999211,-0.36,0.12,-0.06,0.001,0.019,-0.01,-0.193281149754968,88.85410208128891
0.10440810000000056,-0.4,-0.3,-0.22,0.007,-0.001,0.0,-0.19414304814996905,3.339681589987129
0.10556300000098418,-0.4,-0.3,-0.22,0.007,-0.001,0.0,-0.1949771433709378,1.2333129972202228
0.106431900001553,-0.4,-0.3,-0.22,0.007,-0.001,0.0,-0.19578433229445596,0.6264607403466599
0.10779840000031982,-0.4,-0.3,-0.22,0.007,-0.001,0.0,-0.19656548286560258,0.2595791330917794
0.10849700000107987,-0.4,-0.3,-0.22,0.007,-0.001,0.0,-0.19732143503122831,0.07797169509989826
0.1095316000009916,-0.4,-0.3,-0.22,0.007,-0.001,0.0,-0.1980530016431242,-0.05312505388158979
0.11051500000030501,-0.4,-0.3,-0.22,0.007,-0.001,0.0,-0.1987609693320557,-0.14446303650630912
0.11171790000116744,-0.4,-0.3,-0.22,0.007,-0.001,0.0,-0.1994460993536023,-0.20546941145376776
0.11272420000022976,-0.4,-0.3,-0.22,0.007,-0.001,0.0,-0.2001091284067119,-0.25406875154757946
0.11374790000081703,-0.4,-0.3,-0.22,0.007,-0.001,0.0,-0.20075076942585027,-0.7074799541000432
0.11491280000154802,-0.4,-0.3,-0.22,0.007,-0.001,0.0,-0.20137171234759704,-0.6839257498848761
0.11575989999982994,-0.4,-0.3,-0.22,0.007,-0.001,0.0,-0.20197262485251327,-0.6634104373070759
0.11680190000151924,-0.4,-0.3,-0.22,0.007,-0.001,0.0,-0.20255415308307737,-0.6651491327458201
0.11808150000069872,-0.4,-0.3,-0.22,0.007,-0.001,0.0,-0.20311692233846199,-0.6046728892966914
0.11862199999995937,-0.4,-0.3,-0.22,0.007,-0.001,0.0,-0.2036615377468987,-0.6169735220024832
0.11963960000139195,-0.4,-0.3,-0.22,0.007,-0.001,0.0,-0.2041885849163536,-0.5948332621321878
0.12069880000126432,-0.4,-0.3,-0.22,0.007,-0.001,0.0,-0.2046986305642132,-0.5848557728684467
0.1217082000002847,-0.4,-0.3,-0.22,0.007,-0.001,0.0,-0.20519222312665794,-0.5751702925400999
0.12280620000092313,-0.4,-0.3,-0.22,0.007,-0.001,0.0,-0.20566989334837868,-0.5430515574082105
0.1237267000014981,-0.4,-0.3,-0.22,0.007,-0.001,0.0,-0.20613215485326972,-0.5392818201639633
0.12473060000047553,-0.4,-0.3,-0.22,0.007,-0.001,0.0,-0.20657950469671266,-0.5304439232500671
0.12573730000076466,-0.4,-0.3,-0.22,0.007,-0.001,0.0,-0.2070124239000445,-0.505121479249012
0.12675339999987045,-0.4,-0.3,-0.22,0.007,-0.001,0.0,-0.20743137796778502,-0.4900994709858539
0.12776130000020203,-0.4,-0.3,-0.22,0.007,-0.001,0.0,-0.20783681738817908,-0.48760253827137795
0.1290660000013304,-0.4,-0.3,-0.22,0.007,-0.001,0.0,-0.20822917811759267,-0.42864648235439295
0.1296187000007194,-0.4,-0.3,-0.22,0.007,-0.001,0.0,-0.20860888204928324,-0.44295549029747583
0.13062420000096608,-0.4,-0.3,-0.22,0.007,-0.001,0.0,-0.20897633746704833,-0.4309858446978123
0.13204250000126194,-0.4,-0.3,-0.22,0.007,-0.001,0.0,-0.20933193948424034,-0.3964841046444272
0.13260690000061004,-0.4,-0.3,-0.22,0.007,-0.001,0.0,-0.2096760704686197,-0.40876438625496037
0.13360860000102548,-0.4,-0.3,-0.22,0.007,-0.001,0.0,-0.21000910045350293,-0.3923279531687874
0.1346313000012742,-0.4,-0.3,-0.22,0.007,-0.001,0.0,-0.210331387535648,-0.3789512699741119
0.13569710000047053,-0.4,-0.3,-0.22,0.007,-0.001,0.0,-0.21064327826030455,-0.3645509307784554
0.13666710000143212,0.44,0.28,-0.08,0.005,-0.012,0.008,-0.20642897896158507,0.1011125014920807
0.13770020000083605,0.44,0.28,-0.08,0.005,-0.012,0.008,-0.20235062480153396,0.5519919293176456
0.13874770000074932,0.44,0.28,-0.08,0.005,-0.012,0.008,-0.1984038304530974,1.0148370291462216
0.13972990000002028,0.44,0.28,-0.08,0.005,-0.012,0.008,-0.1945843520513846,1.5805468461687306
0.1408355000003212,0.44,0.28,-0.08,0.005,-0.012,0.008,-0.1908880826303722,2.097561339229092
0.14176260000022012,0.44,0.28,-0.08,0.005,-0.012,0.008,-0.18731104770681184,2.265500538038575
0.14286840000022494,0.44,0.28,-0.08,0.005,-0.012,0.008,-0.1838494010065921,2.825082555689369
0.14381710000088788,0.44,0.28,-0.08,0.005,-0.012,0.008,-0.18049942032896013,3.2476177587082833
0.14486110000143526,0.44,0.28,-0.08,0.005,-0.012,0.008,-0.17725750354415498,3.6431443379130184
0.1458747000015137,0.44,0.28,-0.08,0.005,-0.012,0.008,-0.17412016472015,3.508928954466833
0.1468500999999378,0.44,0.28,-0.08,0.005,-0.012,0.008,-0.17108403037433872,3.417151491302052
0.14791000000150234,0.44,0.28,-0.08,0.005,-0.012,0.008,-0.16814583584613427,3.3024453035238226
0.14922480000132055,0.44,0.28,-0.08,0.005,-0.012,0.008,-0.16530242178658155,3.0839640502578307
0.1498250000004191,0.44,0.28,-0.08,0.005,-0.012,0.008,-0.16255073076120796,3.152272303115371
0.15081450000070618,0.44,0.28,-0.08,0.005,-0.012,0.008,-0.15988780396245933,3.106551625084368
0.15175490000001446,0.44,0.28,-0.08,0.005,-0.012,0.008,-0.15731077802818647,3.002338768776241
0.15281980000145268,0.44,0.28,-0.08,0.005,-0.012,0.008,-0.1548168819627611,2.917430616822674
0.153767700001481,0.18,-0.2,-0.92,-0.017,-0.03,-0.009,-0.17950020835105912,0.10041725904382161
0.15505160000066098,0.18,-0.2,-0.92,-0.017,-0.03,-0.009,-0.2033872984042508,-3.189217893495659
0.15584690000105184,0.18,-0.2,-0.92,-0.017,-0.03,-0.009,-0.226503837165404,-5.252970502765708
0.1598386000005121,0.18,-0.2,-0.92,-0.017,-0.03,-0.009,-0.24887468112781036,-9.861025162317011
0.15986590000102296,0.18,-0.2,-0.92,-0.017,-0.03,-0.009,-0.27052388496239715,-12.223090460709468
0.16348480000124255,0.18,-0.2,-0.92,-0.017,-0.03,-0.009,-0.291474727382965,-11.523450312814887
0.1635111000014149,0.18,-0.2,-0.92,-0.017,-0.03,-0.009,-0.31174973617706286,-13.573242176950648
0.16711390000091342,0.18,-0.2,-0.92,-0.017,-0.03,-0.009,-0.3313707124294157,-11.339193063798684
0.16713110000091547,0.18,-0.2,-0.92,-0.017,-0.03,-0.009,-0.35035875396395066,-13.916225276726333
0.17053339999984019,0.18,-0.2,-0.92,-0.017,-0.03,-0.009,-0.36873427802962966,-10.96097816049087
0.17057089999980235,0.18,-0.2,-0.92,-0.017,-0.03,-0.009,-0.38651704325448033,-13.412499949313727
0.17164170000069134,-0.08,-0.1,-0.62,-0.019,0.007,-0.009,-0.3940487515365939,-12.575123412149269
0.1726821000011114,-0.08,-0.1,-0.62,-0.019,0.007,-0.009,-0.4013375014870264,-11.945111511598846
0.1741109000013239,-0.08,-0.1,-0.62,-0.019,0.007,-0.009,-0.4083911304713159,-11.007634420091728
0.17556520000107412,-0.08,-0.1,-0.62,-0.019,0.007,-0.009,-0.4152172230367574,-9.921137648142581
0.17559220000111964,-0.08,-0.1,-0.62,-0.019,0.007,-0.009,-0.42182311906782977,-10.668696157981437
0.17713880000155768,-0.08,-0.1,-0.62,-0.019,0.007,-0.009,-0.42821592167854494,-9.005002518159264
0.17767790000107198,-0.08,-0.1,-0.62,-0.019,0.007,-0.009,-0.4344025048502048,-9.19143772261925
0.17884050000066054,-0.08,-0.1,-0.62,-0.019,0.007,-0.009,-0.4403895208227789,-8.62578309952607
0.17995820000032836,-0.08,-0.1,-0.62,-0.019,0.007,-0.009,-0.44618340724785055,-8.217588618772734
0.18094840000048862,-0.08,-0.1,-0.62,-0.019,0.007,-0.009,-0.45179039411082317,-6.204309000557344
0.1819684000001871,-0.08,-0.1,-0.62,-0.019,0.007,-0.009,-0.4572165104298289,-6.0173598686629015
0.18297960000018065,-0.08,-0.1,-0.62,-0.019,0.007,-0.009,-0.46246759073854415,-6.097450615557986
0.1844904999998107,-0.08,-0.1,-0.62,-0.019,0.007,-0.009,-0.4675492813598815,-5.863338860378015
0.18503450000025623,0.12,0.04,-0.12,0.0,-0.01,-0.003,-0.45633801421924014,-4.342537588420944
0.18605620000016643,0.12,0.04,-0.12,0.0,-0.01,-0.003,-0.44548840085732916,-1.9369411691164462
0.18711480000092706,0.12,0.04,-0.12,0.0,-0.01,-0.003,-0.43498877502322175,-0.6789147298621641
0.1876497000012023,0.12,0.04,-0.12,0.0,-0.01,-0.003,-0.4248278467966662,0.9601734945961117
0.18919390000155545,0.12,0.04,-0.12,0.0,-0.01,-0.003,-0.4149946904483866,3.3769737859956583
0.18974330000128248,0.12,0.04,-0.12,0.0,-0.01,-0.003,-0.40547873269198703,4.159862909106144
0.19078150000132155,0.12,0.04,-0.12,0.0,-0.01,-0.003,-0.3962697413148262,5.646302060519473
0.19185960000140767,0.12,0.04,-0.12,0.0,-0.01,-0.003,-0.3873578141756382,7.062711930359329
0.19286260000080802,0.12,0.04,-0.12,0.0,-0.01,-0.003,-0.3787333685570692,8.472551065077367
0.1941820000010921,0.12,0.04,-0.12,0.0,-0.01,-0.003,-0.37038713086167985,10.025501778399127
0.19485100000019884,0.12,0.04,-0.12,0.0,-0.01,-0.003,-0.36231012664033535,9.578555246722816
0.20474490000015066,0.12,0.04,-0.12,0.0,-0.01,-0.003,-0.35449367094226003,0.7900277643915319
0.20477060000121128,0.12,0.04,-0.12,0.0,-0.01,-0.003,-0.34692935897638066,1.5505431330280306
0.20632410000143864,0.12,0.04,-0.12,0.0,-0.01,-0.003,-0.33960905707391675,9.42541404268212
0.20686930000010761,0.12,0.04,-0.12,0.0,-0.01,-0.003,-0.33252489394250007,10.341167859256805
0.20803520000117715,0.12,0.04,-0.12,0.0,-0.01,-0.003,-0.3256692522024194,8.760422676001657
0.21112390000052983,0.12,0.04,-0.12,0.0,-0.01,-0.003,-0.3190347601958897,5.558694269362384
0.21114339999985532,0.12,0.04,-0.12,0.0,-0.01,-0.003,-0.3126142840605384,6.545188229062233
0.21552610000071581,0.12,0.04,-0.12,0.0,-0.01,-0.003,-0.30640092005858555,3.608795589865217
0.215537600000971,0.12,0.04,-0.12,0.0,-0.01,-0.003,-0.30038798715346987,4.25691321674039
0.21683819999998377,0.12,0.04,-0.12,0.0,-0.01,-0.003,-0.2945690198259386,3.8074285143830315
0.2194204000006721,0.12,0.04,-0.12,0.0,-0.01,-0.003,-0.288937761121876,3.6276742088227114
0.21947069999987434,0.12,0.04,-0.12,0.0,-0.01,-0.003,-0.28348815592439613,4.2587104368482676
0.22107900000082736,0.12,0.04,-0.12,0.0,-0.01,-0.003,-0.278214344442964,4.1004526073776955
0.22267850000025646,0.12,0.04,-0.12,0.0,-0.01,-0.003,-0.2731106559125458,4.654418677391892
0.22268910000093456,0.12,0.04,-0.12,0.0,-0.01,-0.003,-0.268171602496012,5.33705396641157
0.22801550000076531,0.12,0.04,-0.12,0.0,-0.01,-0.003,-0.26339187338323744,2.9721454943353196
0.22802430000047025,0.12,0.04,-0.12,0.0,-0.01,-0.003,-0.25876632908055236,3.506715796561032
0.23181560000011814,0.12,0.04,-0.12,0.0,-0.01,-0.003,-0.2542899958844055,2.059806725156257
0.23183800000151678,0.12,0.04,-0.12,0.0,-0.01,-0.003,-0.24995806053329564,2.5277138900665372
0.23304490000009537,0.12,0.04,-0.12,0.0,-0.01,-0.003,-0.2457658650322216,3.504594654106602
0.2341047999998409,0.12,0.04,-0.12,0.0,-0.01,-0.003,-0.24170890164408543,3.560831580385869
0.236658300000272,0.12,0.04,-0.12,0.0,-0.01,-0.003,-0.23778280804266333,2.9630519440500587
0.23667120000027353,0.12,0.04,-0.12,0.0,-0.01,-0.003,-0.23398336262193226,3.3975889602199785
0.23802190000060364,0.12,0.04,-0.12,0.0,-0.01,-0.003,-0.23030647995670864,2.846668112693447
0.23919110000133514,0.12,0.04,-0.12,0.0,-0.01,-0.003,-0.22674820640971804,3.7342267602390162
0.241128600000593,0.12,0.04,-0.12,0.0,-0.01,-0.003,-0.22330471588037232,3.327099753296818
0.2411422000004677,0.12,0.04,-0.12,0.0,-0.01,-0.003,-0.2199723056906829,3.679549910196246
0.24267690000124276,0.12,0.04,-0.12,0.0,-0.01,-0.003,-0.2167473926038867,3.012715160390171
0.24420009999994363,0.12,0.04,-0.12,0.0,-0.01,-0.003,-0.21362650897150326,3.2029885534238254
0.24422279999998864,0.12,0.04,-0.12,0.0,-0.01,-0.003,-0.21060629900468059,3.5926378529976515
0.2457702000010613,0.12,0.04,-0.12,0.0,-0.01,-0.003,-0.20768351516581993,3.303294908222879
0.24680670000088867,0.12,0.04,-0.12,0.0,-0.01,-0.003,-0.20485501467659994,2.8972162461618813
0.24734739999985322,0.2,0.0,0.16,0.007,-0.005,-0.005,-0.19308549807412898,3.9913121961905307
0.24837380000099074,0.2,0.0,0.16,0.007,-0.005,-0.005,-0.18169564329754417,4.9062436008868415
0.2493616000010661,0.2,0.0,0.16,0.007,-0.005,-0.005,-0.1706732031911718,6.392750235172603
0.2503892000004271,0.2,0.0,0.16,0.007,-0.005,-0.005,-0.16000632566887593,6.835236400733263
0.2516326000004483,0.2,0.0,0.16,0.007,-0.005,-0.005,-0.14968354096987993,7.488398633267756
0.2523949000005814,0.2,0.0,0.16,0.007,-0.005,-0.005,-0.13969374932569026,7.9289610293723305
0.25341240000125254,0.2,0.0,0.16,0.007,-0.005,-0.005,-0.13002620902486156,9.07485643484945
0.2544843000014225,0.2,0.0,0.16,0.007,-0.005,-0.005,-0.12067052486276925,9.985310049166737
0.2554200000013225,0.2,0.0,0.16,0.007,-0.005,-0.005,-0.11161663696397024,9.955323239782139
0.25646020000021963,0.2,0.0,0.16,0.007,-0.005,-0.005,-0.1028548099651325,10.566137123171556
0.25747730000148294,0.2,0.0,0.16,0.007,-0.005,-0.005,-0.09437562254690242,9.591917476346524
0.2585175000003801,0.2,0.0,0.16,0.007,-0.005,-0.005,-0.08616995730345396,9.229376237622658
0.2595335000005434,0.2,0.0,0.16,0.007,-0.005,-0.005,-0.07822899093882642,8.942984671216937
0.2605567999999039,0.2,0.0,0.16,0.007,-0.005,-0.005,-0.07054418477950944,8.86794964200693
0.261663100000078,0.2,0.0,0.16,0.007,-0.005,-0.005,-0.06310727559307365,8.263360063094948
0.2626659000015934,-0.24,0.52,0.48,0.032,0.0,-0.001,-0.045587686057813215,9.12503625265445
0.27125119999982417,-0.24,0.52,0.48,0.032,0.0,-0.001,-0.02863324457207731,3.595501822249341
0.2712673000005452,-0.24,0.52,0.48,0.032,0.0,-0.001,-0.012225720553623207,5.297844176191151
0.27353190000030736,-0.24,0.52,0.48,0.032,0.0,-0.001,0.0036525284964936677,14.156080616359388
0.27356030000009923,-0.24,0.52,0.48,0.032,0.0,-0.001,0.019018575964348708,20.636533944285482
0.27815750000081607,-0.24,0.52,0.48,0.032,0.0,-0.001,0.033888944481627784,9.052921107499742
0.27818050000132644,-0.24,0.52,0.48,0.032,0.0,-0.001,0.04827962369189785,11.099659164316812
0.27939250000054017,-0.22,-0.32,-0.42,-0.001,0.0,0.0,0.03317382937925598,7.591794178558407
0.2816233000012289,-0.22,-0.32,-0.42,-0.001,0.0,0.0,0.018555318754118692,1.8418061467641789
0.2816311000005953,-0.22,-0.32,-0.42,-0.001,0.0,0.0,0.004408372987856799,0.09332335185404203
0.28324659999998403,-0.22,-0.32,-0.42,-0.001,0.0,0.0,-0.00928221968917084,-1.3314614127142383
0.28480149999995774,-0.22,-0.32,-0.42,-0.001,0.0,0.0,-0.02253118034435888,-8.491891154918047
0.2848126000008051,-0.22,-0.32,-0.42,-0.001,0.0,0.0,-0.03535275517196021,-10.404306419693482
0.2872901000009733,-0.22,-0.32,-0.42,-0.001,0.0,0.0,-0.0477607308115744,-8.94046331732434
0.2872994000008475,-0.22,-0.32,-0.42,-0.001,0.0,0.0,-0.059768449172491356,-10.244849938611983
0.289634600001591,-0.22,-0.32,-0.42,-0.001,0.0,0.0,-0.07138882177983034,-11.22715920386001
0.2896446000013384,-0.22,-0.32,-0.42,-0.001,0.0,0.0,-0.08263434365790033,-12.615120044212029
0.2924406000001909,-0.22,-0.32,-0.42,-0.001,0.0,0.0,-0.09351710676571,-9.16194116539524
0.2924499000000651,-0.22,-0.32,-0.42,-0.001,0.0,0.0,-0.10404881299907419,-10.297023166589002
0.29403000000093016,-0.22,-0.32,-0.42,-0.001,0.0,0.0,-0.1142407867732976,-9.937650367803561
0.29512720000093395,-0.06,-0.04,0.72,0.012,-0.015,0.004,-0.08732979365157834,-5.048941935180452
0.2959641000015836,-0.06,-0.04,0.72,0.012,-0.015,0.004,-0.06128689708217258,-1.5593920071070515
0.2974705000015092,-0.06,-0.04,0.72,0.012,-0.015,0.004,-0.0360840939504896,4.505510257878401
0.29748079999990296,-0.06,-0.04,0.72,0.012,-0.015,0.004,-0.011694284468215743,7.608082552631537
0.29933770000025106,-0.06,-0.04,0.72,0.012,-0.015,0.004,0.011908756966242827,8.584635709987145
0.30012840000017604,-0.06,-0.04,0.72,0.012,-0.015,0.004,0.034750409967331766,16.684554324161606
0.3026220000010653,-0.06,-0.04,0.72,0.012,-0.015,0.004,0.05685523545225655,19.91341040768886
0.3026333000016166,-0.06,-0.04,0.72,0.012,-0.015,0.004,0.07824700205057086,22.373715761220748
0.3047502000008535,-0.06,-0.04,0.72,0.012,-0.015,0.004,0.09894871166184277,19.357633307178457
0.3047665000012785,-0.06,-0.04,0.72,0.012,-0.015,0.004,0.1189826241888801,21.40325727315102
0.30661479999980656,-0.06,-0.04,0.72,0.012,-0.015,0.004,0.13837028147310976,19.077936578642685
0.30770699999993667,-0.06,-0.04,0.72,0.012,-0.015,0.004,0.15713253045784814,17.351961752722524
0.3082360000007611,-0.06,-0.04,0.72,0.012,-0.015,0.004,0.17528954560436918,18.360899118793608
0.3092182000000321,-0.06,-0.04,0.72,0.012,-0.015,0.004,0.1928608505848734,18.314062408040172
0.3102448000008735,-0.06,-0.04,0.72,0.012,-0.015,0.004,0.20986533927568393,20.07269032734395
0.31124799999997776,-0.06,-0.04,0.72,0.012,-0.015,0.004,0.22632129607324253,19.645961122461394
0.3122744000011153,-0.06,-0.04,0.72,0.012,-0.015,0.004,0.24224641555475085,19.206744447135907
0.3132995000014489,-0.06,-0.04,0.72,0.012,-0.015,0.004,0.2576578215045976,18.563988844899807
0.31390300000020943,-0.06,-0.04,0.72,0.012,-0.015,0.004,0.2725720853270299,18.969427243838496
0.31491360000109125,-0.06,-0.04,0.72,0.012,-0.015,0.004,0.2870052438648677,17.91041624918646
0.3159315000011702,-0.06,-0.04,0.72,0.012,-0.015,0.004,0.30097281664342035,17.452803583512534
0.31697990000066056,-0.06,-0.04,0.72,0.012,-0.015,0.004,0.3144898225581487,16.96958794853998
0.3184090000013384,-0.06,-0.04,0.72,0.012,-0.015,0.004,0.32757079602401495,14.657042414152677
0.3192226000010123,-0.06,-0.04,0.72,0.012,-0.015,0.004,0.34022980260388547,14.520758239901296
0.319996700000047,-0.06,-0.04,0.72,0.012,-0.015,0.004,0.3524804541327924,14.624341396978624
0.32101719999991474,-0.06,-0.04,0.72,0.012,-0.015,0.004,0.3643359233543152,14.127526028944343
0.32201680000071065,-0.06,-0.04,0.72,0.012,-0.015,0.004,0.3758089580848212,13.709408619602732
0.32306290000087756,-0.06,-0.04,0.72,0.012,-0.015,0.004,0.3869118949207947,13.238633408828985
0.3240730000015901,-0.06,-0.04,0.72,0.012,-0.015,0.004,0.39765667250399483,12.080641595857868
0.3250844000012876,-0.06,-0.04,0.72,0.012,-0.015,0.004,0.40805484435870465,11.699245890800857
0.32611870000073395,-0.06,-0.04,0.72,0.012,-0.015,0.004,0.41811759131487547,11.339319030495751
0.3271517000011954,-0.06,-0.04,0.72,0.012,-0.015,0.004,0.42785573353052464,11.470705560999468
0.32813220000025467,-0.06,-0.04,0.72,0.012,-0.015,0.004,0.43727974212631415,11.28321397426027
0.32915390000016487,-0.06,-0.04,0.72,0.012,-0.015,0.004,0.44639975044482016,10.690438094710096
0.3302335000007588,-0.06,-0.04,0.72,0.012,-0.015,0.004,0.45522556494660016,9.861836266610354
0.33117959999981395,-0.06,-0.04,0.72,0.012,-0.015,0.004,0.46376667575477437,9.599436600008842
0.3322611000003235,-0.06,-0.04,0.72,0.012,-0.015,0.004,0.4720322668594591,9.254024911807935
0.33322020000014163,-0.06,-0.04,0.72,0.012,-0.015,0.004,0.48003122599302495,9.005439205666692
0.3447092000005796,-0.06,-0.04,0.72,0.012,-0.015,0.004,0.4877721541867983,0.0
0.34472660000028554,-0.06,-0.04,0.72,0.012,-0.015,0.004,0.49526337501948225,430.52994018837643
0.346056000000317,-0.06,-0.04,0.72,0.012,-0.015,0.004,0.5025129435672409,10.94504706215961
0.3479676000006293,-0.06,-0.04,0.72,0.012,-0.015,0.004,0.5095286550650718,6.67705035537118
0.34797550000075717,-0.06,-0.04,0.72,0.012,-0.015,0.004,0.5163180532887792,8.739521507647474
0.3506632000007812,-0.06,-0.04,0.72,0.012,-0.015,0.004,0.5228884386665605,5.897931555017303
0.3506756000006135,-0.06,-0.04,0.72,0.012,-0.015,0.004,0.5292468761289295,6.951381392782171
0.35432140000011714,-0.06,-0.04,0.72,0.012,-0.015,0.004,0.5354002027054157,4.954958128306607
0.35433040000134497,-0.06,-0.04,0.72,0.012,-0.015,0.004,0.5413550348762087,5.569251308064254
0.3558716000006825,-0.06,-0.04,0.72,0.012,-0.015,0.004,0.5471177756866535,4.544279729996298
0.3567813000008755,-0.52,-0.34,-0.2,-0.02,0.025,0.005,0.5230172022774067,1.5304068906314137
0.3575147999999899,-0.24,-0.14,-0.28,-0.01,-0.013,0.0,0.4971134215587807,-1.3004057217951466
0.3588049999998475,0.06,-0.54,-0.06,0.002,-0.011,0.0,0.4791420208633361,-5.373064655019941
0.36106720000134374,0.14,-0.1,-0.48,-0.006,0.0,-0.005,0.44820195567419624,-12.92630184935279
0.3610781000006682,0.14,-0.1,-0.48,-0.006,0.0,-0.005,0.4182599571040609,-17.336901977563166
0.3626069000001735,0.14,-0.1,-0.48,-0.006,0.0,-0.005,0.3892838294555428,-17.63519078497124
0.36426930000016,0.14,-0.1,-0.48,-0.006,0.0,-0.005,0.36124241560213816,-17.50699012882388
0.36427850000109174,0.14,-0.1,-0.48,-0.006,0.0,-0.005,0.33410556348594017,-20.216191381001764
0.36582890000136103,0.14,-0.1,-0.48,-0.006,0.0,-0.005,0.30784409369607113,-24.029976195783767
0.3669180000015331,0.14,-0.1,-0.48,-0.006,0.0,-0.005,0.28242976809297204,-22.830914309020017
0.36828130000139936,0.14,-0.1,-0.48,-0.006,0.0,-0.005,0.25783525944481167,-23.353709927111076
0.36828779999996186,0.14,-0.1,-0.48,-0.006,0.0,-0.005,0.23403412204336616,-25.847629267411932
0.36931510000067647,0.14,-0.1,-0.48,-0.006,0.0,-0.005,0.21100076326777373,-28.758980155629008
0.37035760000071605,0.14,-0.1,-0.48,-0.006,0.0,-0.005,0.1887104160655875,-27.931148241856192
0.37136390000159736,0.14,-0.1,-0.48,-0.006,0.0,-0.005,0.1671391123215363,-25.36767352950623
0.37250050000147894,0.14,-0.1,-0.48,-0.006,0.0,-0.005,0.14626365708535774,-24.563371506642536
0.3734766000015952,-0.44,0.5,-0.06,0.011,-0.009,-0.006,0.13960999072776556,-24.07138084344216
0.3744849000013346,-0.44,0.5,-0.06,0.011,-0.009,-0.006,0.1331709587688054,-20.17942871162188
0.37550760000158334,-0.44,0.5,-0.06,0.011,-0.009,-0.006,0.12693963751819878,-18.690987030667053
0.3765050000001793,-0.44,0.5,-0.06,0.011,-0.009,-0.006,0.12090932663051496,-16.847860799547888
0.37753350000093633,-0.44,0.5,-0.06,0.011,-0.009,-0.006,0.11507354190049834,-15.430029349933843
0.3785736999998335,-0.44,0.5,-0.06,0.011,-0.009,-0.006,0.10942600829080484,-10.970854663363486
0.37959650000084366,-0.44,0.5,-0.06,0.011,-0.009,-0.006,0.10396065318464985,-9.173144300703225
0.3806293000016012,-0.44,0.5,-0.06,0.011,-0.009,-0.006,0.09867159985611276,-7.389590569796769
0.3816404000008333,-0.44,0.5,-0.06,0.011,-0.009,-0.006,0.09355316115107687,-5.767075781792381
0.3826423000009527,-0.44,0.5,-0.06,0.011,-0.009,-0.006,0.08859983337200987,-5.565331328685387
0.38366990000031365,-0.44,0.5,-0.06,0.011,-0.009,-0.006,0.08380629036000956,-5.374487579127162
0.3846951000014087,-0.44,0.5,-0.06,0.011,-0.009,-0.006,0.07916737776775118,-5.199701741644146
0.3857709000003524,-0.44,0.5,-0.06,0.011,-0.009,-0.006,0.07467810751717856,-4.989393271292866
0.3868173000009847,-0.44,0.5,-0.06,0.011,-0.009,-0.006,0.07033365243597925,-4.819135425610854
0.38781660000131524,-0.44,0.5,-0.06,0.011,-0.009,-0.006,0.0661293410670767,-4.684316309468579
0.3883538000009139,0.04,-0.14,-0.46,-0.008,-0.005,-0.021,0.04915742683910649,-6.162368630692975
0.38942930000121123,0.04,-0.14,-0.46,-0.008,-0.005,-0.021,0.03273299371526434,-7.243883681832527
0.3903721000006044,0.04,-0.14,-0.46,-0.008,-0.005,-0.021,0.016838381014771947,-8.399353250576162
0.3914159000014479,0.04,-0.14,-0.46,-0.008,-0.005,-0.021,0.0014564977562309157,-9.421171642274677
0.3926277000009577,0.04,-0.14,-0.46,-0.008,-0.005,-0.021,-0.013429195719776533,-10.217820927727985
0.39354009999988193,0.04,-0.14,-0.46,-0.008,-0.005,-0.021,-0.027834705535267613,-11.310915270223527
0.4034253000008903,0.04,-0.14,-0.46,-0.008,-0.005,-0.021,-0.04177552148574285,-1.4102715118614901
0.4034418999999616,0.04,-0.14,-0.46,-0.008,-0.005,-0.021,-0.05526663369588018,-2.770398125632899
0.4101373000012245,0.04,-0.14,-0.46,-0.008,-0.005,-0.021,-0.06832254873794857,-3.9551590063891235
0.41016010000021197,0.04,-0.14,-0.46,-0.008,-0.005,-0.021,-0.08095730523027281,-5.817809548683882
0.41204470000047877,0.52,0.02,-0.2,-0.003,-0.011,0.003,-0.08479739215832853,-4.991283694298863
0.4128303000015876,0.52,0.02,-0.2,-0.003,-0.011,0.003,-0.08851360531451148,-4.969493229697317
0.4149814000011247,0.52,0.02,-0.2,-0.003,-0.011,0.003,-0.09210994062694661,-4.910590592574073
0.4149890000007872,0.52,0.02,-0.2,-0.003,-0.011,0.003,-0.09559026512285156,-5.620239583519329
0.41617670000050566,0.52,0.02,-0.2,-0.003,-0.011,0.003,-0.09895832108663054,-5.0726516462443945
0.41793140000118,0.52,0.02,-0.2,-0.003,-0.011,0.003,-0.10221773008383601,-4.348825566272044
0.4184779000006529,0.52,0.02,-0.2,-0.003,-0.011,0.003,-0.10537199685532518,-4.442060297810204
0.4198825000003126,0.52,0.02,-0.2,-0.003,-0.011,0.003,-0.10842451308579856,-4.115047854492737
0.42057569999997213,0.52,0.02,-0.2,-0.003,-0.011,0.003,-0.1113785610507728,-3.1158327152763894
0.42521040000065113,0.52,0.02,-0.2,-0.003,-0.011,0.003,-0.11423731714590916,-1.6913331258545872
0.4252224000010756,0.52,0.02,-0.2,-0.003,-0.011,0.003,-0.11700385530249274,-1.9949295482632907
0.42638280000028317,0.52,0.02,-0.2,-0.003,-0.011,0.003,-0.11968115029273492,-2.0663345967238658
0.4276028000003862,0.52,0.02,-0.2,-0.003,-0.011,0.003,-0.12227208092845315,-2.073572682989347
0.4284164000000601,0.52,0.02,-0.2,-0.003,-0.011,0.003,-0.12477943315656757,-1.952753061568643
0.4316967000013392,0.52,0.02,-0.2,-0.003,-0.011,0.003,-0.1272059030547428,-1.999381142940959
0.43170680000002903,0.52,0.02,-0.2,-0.003,-0.011,0.003,-0.12955409973039625,-2.3577339120057004
0.4333328000011534,0.52,0.02,-0.2,-0.003,-0.011,0.003,-0.1318265481261899,-2.165521395054803
0.4344516000001022,0.52,0.02,-0.2,-0.003,-0.011,0.003,-0.1340256917350225,-2.1413208880111667
0.43599990000075195,0.52,0.02,-0.2,-0.003,-0.011,0.003,-0.13615389522744112,-1.71285989891997
0.43601870000020426,0.52,0.02,-0.2,-0.003,-0.011,0.003,-0.13821344699429786,-1.9232553992584702
0.4375484000011056,0.52,0.02,-0.2,-0.003,-0.011,0.003,-0.140206561607385,-1.8032577901418267
0.438972100000683,0.52,0.02,-0.2,-0.003,-0.011,0.003,-0.14213538220069516,-2.0520492546525184
0.4392148000006273,0.52,0.02,-0.2,-0.003,-0.011,0.003,-0.14400198277486628,-2.2340857027325964
0.44013249999989057,0.52,0.02,-0.2,-0.003,-0.011,0.003,-0.14580837042728995,-2.2051811773325145
0.44115940000119735,0.52,0.02,-0.2,-0.003,-0.011,0.003,-0.14755648751028058,-2.150610761816693
0.44218370000089635,0.52,0.02,-0.2,-0.003,-0.011,0.003,-0.14924821371962635,-1.9683496134791207
0.44331700000111596,0.52,0.02,-0.2,-0.003,-0.011,0.003,-0.15088536811576742,-1.9088980578963695
0.4443215000010241,0.52,0.02,-0.2,-0.003,-0.011,0.003,-0.15246971107977492,-1.8687139021701973
0.44537380000110716,0.52,0.02,-0.2,-0.003,-0.011,0.003,-0.15400294620623378,-1.904122188002465
0.4463582000007591,0.52,0.02,-0.2,-0.003,-0.011,0.003,-0.15548672213506495,-1.7344503312539408
0.4473868000004586,0.52,0.02,-0.2,-0.003,-0.011,0.003,-0.1569226343242564,-1.6990641484357936
0.4484159000003274,0.52,0.02,-0.2,-0.003,-0.011,0.003,-0.15831222676540943,-1.7129592500183617
0.4494735000007495,0.52,0.02,-0.2,-0.003,-0.011,0.003,-0.15965699364394462,-1.4825632389873975
0.4505001000015909,0.52,0.02,-0.2,-0.003,-0.011,0.003,-0.16095838094575285,-1.4347846986743609
0.451523100000486,0.52,0.02,-0.2,-0.003,-0.011,0.003,-0.1622177880120189,-1.388694594188318
0.4525320000011561,0.52,0.02,-0.2,-0.003,-0.011,0.003,-0.16343656904388923,-1.3620402526388615
0.4530601000005845,0.52,0.02,-0.2,-0.003,-0.011,0.003,-0.16461603455860246,-1.4092708115059909
0.4540772000000288,0.52,0.02,-0.2,-0.003,-0.011,0.003,-0.16575745279864754,-1.36204902982136
0.45603810000102385,0.52,0.02,-0.2,-0.003,-0.011,0.003,-0.16686205109546534,-1.1751494292388625
0.45604890000140585,0.52,0.02,-0.2,-0.003,-0.011,0.003,-0.16793101718916,-1.284148209444573
0.4571252000005188,0.52,0.02,-0.2,-0.003,-0.011,0.003,-0.16896550050563872,-1.2366370431803841
0.45820220000132394,0.52,0.02,-0.2,-0.003,-0.011,0.003,-0.1699666133925536,-1.1908879378271018
0.45919080000021495,0.52,0.02,-0.2,-0.003,-0.011,0.003,-0.17093543231537445,-1.1606556010466116
0.4604625000010856,0.52,0.02,-0.2,-0.003,-0.011,0.003,-0.17187299901487849,-1.0955811922507903
0.461444800001118,0.52,0.02,-0.2,-0.003,-0.011,0.003,-0.17278032162730175,-1.0645890940675564
0.4624515000014071,0.52,0.02,-0.2,-0.003,-0.011,0.003,-0.17365837576835652,-1.0304760042551189
0.46346860000085144,0.52,0.02,-0.2,-0.003,-0.011,0.003,-0.1745081055822805,-0.9317729819692987
0.4645176000012725,0.52,0.02,-0.2,-0.003,-0.011,0.003,-0.17533042475704563,-0.998687854393768
0.4655357000010554,0.52,0.02,-0.2,-0.003,-0.011,0.003,-0.17612621750681834,-0.9754218340762136
0.4683452000008401,0.52,0.02,-0.2,-0.003,-0.011,0.003,-0.17689633952272743,-0.6511521461751617
0.4683695000003354,0.52,0.02,-0.2,-0.003,-0.011,0.003,-0.177641618892962,-0.7306248790677945
0.47090019999996,0.52,0.02,-0.2,-0.003,-0.011,0.003,-0.17836285699318905,-0.5904071077448823
0.47092260000135866,0.52,0.02,-0.2,-0.003,-0.011,0.003,-0.17906082934824746,-0.6626545950311491
0.47240880000026664,0.52,0.02,-0.2,-0.003,-0.011,0.003,-0.17973628646604592,-0.6103974670227412
0.47630840000056196,0.52,0.02,-0.2,-0.003,-0.011,0.003,-0.18038995464456056,-0.4387200022547679
0.4763319000012416,0.52,0.02,-0.2,-0.003,-0.011,0.003,-0.18102253675280053,-0.5166335570217593
0.47738920000119833,-0.02,-0.22,0.4,0.0,0.015,0.008,-0.16227987427690374,1.6161505136272412
0.47855060000074445,0.04,0.6,0.04,0.002,-0.002,0.009,-0.15575471704216493,2.955157893535764
0.4796620000015537,0.28,0.3,0.22,0.002,-0.024,-0.001,-0.14363359713757895,3.9637129184977176
0.4822219000016048,0.28,0.3,0.22,0.002,-0.024,-0.001,-0.13190348110088285,4.874382749451276
0.48224690000097326,0.28,0.3,0.22,0.002,-0.024,-0.001,-0.12055175590408017,6.015849661795961
0.4837113000012323,-0.56,0.06,0.0,-0.01,0.018,0.001,-0.11666298958459372,8.608378480621957
0.48558390000107465,-0.2,-0.18,0.78,0.03,0.006,0.008,-0.08773837701734875,9.98884994039034
0.4855946000006952,-0.2,-0.18,0.78,0.03,0.006,0.008,-0.05974681646840202,12.991658393576213
0.4875179000009666,-0.2,-0.18,0.78,0.03,0.006,0.008,-0.032658209485550344,13.727265459342815
0.48994190000121307,-0.2,-0.18,0.78,0.03,0.006,0.008,-0.006443428534403557,16.25130214674165
0.4899509000006219,-0.2,-0.18,0.78,0.03,0.006,0.008,0.018925714321544947,19.514710239566398
0.4914804000000004,-0.2,-0.18,0.78,0.03,0.006,0.008,0.043476497730527364,18.94259100953744
0.4927072999998927,-0.2,-0.18,0.78,0.03,0.006,0.008,0.06723532038438132,20.442230991147095
0.494314999999915,-0.2,-0.18,0.78,0.03,0.006,0.008,0.09022772940424,20.383010897278194
0.4943345000010595,-0.2,-0.18,0.78,0.03,0.006,0.008,0.11247844781055484,22.88035389896126
0.4959230000004027,-0.2,-0.18,0.78,0.03,0.006,0.008,0.13401140110698856,19.8295809215502
0.49700600000142003,-0.2,-0.18,0.78,0.03,0.006,0.008,0.15484974300676313,19.762434258002436
0.4986445000013191,-0.2,-0.18,0.78,0.03,0.006,0.008,0.17501588032912563,20.85116044185856
0.4986508000001777,-0.2,-0.18,0.78,0.03,0.006,0.008,0.19453149709270223,23.076958703280447
0.502057200001218,0.24,0.16,-0.48,0.0,-0.005,-0.016,0.17277241654132475,11.287510683748932
0.5020694000013464,0.24,0.16,-0.48,0.0,-0.005,-0.016,0.15171524181418525,9.023608102528996
0.5032093000008899,0.24,0.16,-0.48,0.0,-0.005,-0.016,0.13133733078792123,4.6220165026112445
0.5042358999999124,0.24,0.16,-0.48,0.0,-0.005,-0.016,0.11161677173024635,2.155957859268018
0.5052444000011747,0.24,0.16,-0.48,0.0,-0.005,-0.016,0.09253235973894808,-4.449872483168333
0.506261500000619,0.24,0.16,-0.48,0.0,-0.005,-0.016,0.07406357394091749,-8.728450010570752
0.5073124000009557,0.24,0.16,-0.48,0.0,-0.005,-0.016,0.05619055542669436,-13.708663564117417
0.5083400000003166,0.24,0.16,-0.48,0.0,-0.005,-0.016,0.038894085896800996,-14.039687942488655
0.5093753000001016,0.24,0.16,-0.48,0.0,-0.005,-0.016,0.022155566996904193,-20.58141451570744
0.5103632999998808,0.24,0.16,-0.48,0.0,-0.005,-0.016,0.005957000319584705,-20.083482771528764
0.5113879000000452,0.24,0.16,-0.48,0.0,-0.005,-0.016,-0.009719031948788995,-19.558173396749638
0.5123975000005885,0.24,0.16,-0.48,0.0,-0.005,-0.016,-0.024889385756892576,-17.002973003410816
0.5134234000015567,0.24,0.16,-0.48,0.0,-0.005,-0.016,-0.03957037331312185,-16.45574367524451
0.5144483000003675,-0.6,-0.08,-0.26,-0.01,0.034,-0.015,-0.0466810064320534,-15.125475742153952
0.5154947999999422,-0.6,-0.08,-0.26,-0.01,0.034,-0.015,-0.05356226428908393,-13.822342850265482
0.5164681000005658,-0.6,-0.08,-0.26,-0.01,0.034,-0.015,-0.060221546086210255,-12.714713404530768
0.5175020000006043,-0.6,-0.08,-0.26,-0.01,0.034,-0.015,-0.0666660123414938,-11.521512577491867
0.518937000000733,-0.6,-0.08,-0.26,-0.01,0.034,-0.015,-0.0729025925885424,-9.941554282101466
0.5204478000014205,-0.6,-0.08,-0.26,-0.01,0.034,-0.015,-0.07893799282762168,-7.640146234320994
0.5204589000004489,-0.6,-0.08,-0.26,-0.01,0.034,-0.015,-0.08477870273640808,-8.274685347180947
0.5214824000013323,-0.6,-0.08,-0.26,-0.01,0.034,-0.015,-0.09043100264813686,-7.214346540509884
0.5225344999998924,-0.6,-0.08,-0.26,-0.01,0.034,-0.015,-0.09590097030464859,-6.182634039996979
0.5235701000001427,-0.6,-0.08,-0.26,-0.01,0.034,-0.015,-0.10119448739159541,-5.976175860124664
0.5245405000005121,-0.6,-0.08,-0.26,-0.01,0.034,-0.015,-0.10631724586283427,-5.832050761182277
0.5255664000014804,-0.6,-0.08,-0.26,-0.01,0.034,-0.015,-0.11127475406080736,-5.611290897141773
0.5265973000005033,-0.6,-0.08,-0.26,-0.01,0.034,-0.015,-0.11607234263949101,-5.432072641754077
0.5276740000008431,-0.6,-0.08,-0.26,-0.01,0.034,-0.015,-0.12071517029628163,-5.472425055183308
0.5299615000003541,-0.6,-0.08,-0.26,-0.01,0.034,-0.015,-0.12520822931898223,-4.8635374771694595
0.5299787000003562,-0.6,-0.08,-0.26,-0.01,0.034,-0.015,-0.1295563509538538,-5.310973584014617
0.5407806000002893,-0.6,-0.08,-0.26,-0.01,0.034,-0.015,-0.13376421060050367,0.0
0.5407988000006299,-0.6,-0.08,-0.26,-0.01,0.034,-0.015,-0.1378363328391971,-223.7429759609896
0.542140700001255,-0.6,-0.08,-0.26,-0.01,0.034,-0.015,-0.14177709629599722,-5.891394522317393
0.5433129000011832,-0.6,-0.08,-0.26,-0.01,0.034,-0.015,-0.14559073835096506,-4.670271194679427
0.545424500000081,-0.6,-0.08,-0.26,-0.01,0.034,-0.015,-0.14928135969448234,-3.3414046587296222
0.5454480000007607,-0.6,-0.08,-0.26,-0.01,0.034,-0.015,-0.1528529287365958,-4.089796917805257
0.5468207000012626,-0.6,-0.08,-0.26,-0.01,0.034,-0.015,-0.156309285874125,-3.732566558498753
0.5483667000007699,-0.6,-0.08,-0.26,-0.01,0.034,-0.015,-0.15965414762012095,-3.4128125147278436
0.5489131000013003,-0.6,-0.08,-0.26,-0.01,0.034,-0.015,-0.16289111060011705,-3.581543190407894
0.553079200000866,-0.6,-0.08,-0.26,-0.01,0.034,-0.015,-0.16602365541946812,-2.092186095979713
0.5530957000009948,-0.6,-0.08,-0.26,-0.01,0.034,-0.015,-0.1690551504059369,-2.398537438711159
0.5544883000002301,-0.6,-0.08,-0.26,-0.01,0.034,-0.015,-0.17198885523155186,-2.5052952996200366
0.5554671000008966,-0.6,-0.08,-0.26,-0.01,0.034,-0.015,-0.17482792441763084,-2.1417744430386882
0.5574569000000338,-0.6,-0.08,-0.26,-0.01,0.034,-0.015,-0.17757541072673955,-1.971492718319717
0.5574777000001632,-0.6,-0.08,-0.26,-0.01,0.034,-0.015,-0.18023426844523183,-2.2588212958491307
0.5586911000009422,-0.6,-0.08,-0.26,-0.01,0.034,-0.015,-0.18280735655990177,-2.0368424995412253
0.5597840000009455,-0.6,-0.08,-0.26,-0.01,0.034,-0.015,-0.185297441832163,-2.8746251062621098
0.5616667000012967,-0.6,-0.08,-0.26,-0.01,0.034,-0.015,-0.187707201773061,-2.5250126756920244
0.5616848999998183,-0.6,-0.08,-0.26,-0.01,0.034,-0.015,-0.1900392275223171,-2.790658761724517
0.5640579999999318,-0.4,-0.2,-0.02,-0.017,0.028,-0.015,-0.18455409115062946,-1.3130229703615868
0.5640789000008226,-0.4,-0.2,-0.02,-0.017,0.028,-0.015,-0.17924589466189947,-0.7566825255874767
0.5657129999999597,-0.32,-0.42,-0.14,-0.008,0.02,0.007,-0.17797989805990272,-0.048992542867310376
0.5662468999998964,-0.32,-0.42,-0.14,-0.008,0.02,0.007,-0.17675474005797037,0.09336412614129692
0.5673365000002377,-0.32,-0.42,-0.14,-0.008,0.02,0.007,-0.1755691032819068,0.20307577683219202
0.5682812000013655,-0.32,-0.42,-0.14,-0.008,0.02,0.007,-0.1744217128534582,0.8744062841965636
0.5692701000007219,-0.32,-0.42,-0.14,-0.008,0.02,0.007,-0.17331133501947568,1.2635442186957686
0.5702732000008837,-0.32,-0.42,-0.14,-0.008,0.02,0.007,-0.17223677582529906,1.7975281413471664
0.5712737000012567,-0.32,-0.42,-0.14,-0.008,0.02,0.007,-0.17119687983093457,1.71857207683931
0.5722980000009557,-0.32,-0.42,-0.14,-0.008,0.02,0.007,-0.17019052886864636,1.7431507621599922
0.5733108000003995,-0.32,-0.42,-0.14,-0.008,0.02,0.007,-0.16921664084062552,1.6576009758374441
0.5743118000009417,-0.32,-0.42,-0.14,-0.008,0.02,0.007,-0.16827416855544405,1.1287306953703122
0.5753296000002592,-0.32,-0.42,-0.14,-0.008,0.02,0.007,-0.16736209860204262,1.104111583878855
0.5763395000012679,-0.32,-0.42,-0.14,-0.008,0.02,0.007,-0.16647945026004127,1.009624905123344
0.5773415000003297,-0.32,-0.42,-0.14,-0.008,0.02,0.007,-0.16562527444520123,0.9708771684450431
0.5783989999999903,-0.32,-0.42,-0.14,-0.008,0.02,0.007,-0.16479865268890442,0.9324981466828872
0.5793767000013759,-0.32,-0.42,-0.14,-0.008,0.02,0.007,-0.16399869615055268,0.9049354286044891
0.5805006000009598,-0.32,-0.42,-0.14,-0.008,0.02,0.007,-0.16322454466182518,0.8640318166844624
0.5815085000012914,-0.32,-0.42,-0.14,-0.008,0.02,0.007,-0.1624753658017663,0.8376486690840693
0.5832940000000235,-0.32,-0.42,-0.14,-0.008,0.02,0.007,-0.16175035400170934,0.7478851309397131
0.583310200001506,-0.32,-0.42,-0.14,-0.008,0.02,0.007,-0.16104872967907355,0.8168401264723975
0.5845244000011007,-0.32,-0.42,-0.14,-0.008,0.02,0.007,-0.16036973839910343,0.760468982718413
0.5855246999999508,-0.32,-0.42,-0.14,-0.008,0.02,0.007,-0.1597126500636485,0.7367068977663047
0.5865386000004946,-0.32,-0.42,-0.14,-0.008,0.02,0.007,-0.15907675812611144,0.7120196930524131
0.587559900000997,-0.32,-0.42,-0.14,-0.008,0.02,0.007,-0.15846137883172076,0.6917741549942993
0.5885793000015838,-0.32,-0.42,-0.14,-0.008,0.02,0.007,-0.15786585048231042,0.6664253219854953
0.5895872000000963,-0.32,-0.42,-0.14,-0.008,0.02,0.007,-0.15728953272481655,0.6531609114049938
0.5906788000011147,0.5,0.26,0.44,0.023,-0.014,0.007,-0.13802212844337086,2.666568962723853
0.5917301000008592,0.58,0.18,-0.04,0.007,-0.018,0.018,-0.13486012430003633,3.187519078603754
0.5971774999998161,0.58,0.18,-0.04,0.007,-0.018,0.018,-0.13180012029035773,2.772132189385788
0.5971929000006639,0.58,0.18,-0.04,0.007,-0.018,0.018,-0.12883882608744296,3.0751118805462485
0.5983451000010973,0.58,0.18,-0.04,0.007,-0.018,0.018,-0.12597305750397705,3.2657634786624756
0.604052300001058,0.58,0.18,-0.04,0.007,-0.018,0.018,-0.1231997330683649,1.251001806661885
0.6040678000008484,0.58,0.18,-0.04,0.007,-0.018,0.018,-0.12051587071132089,1.6377007644581865
0.6056779000009556,0.58,0.18,-0.04,0.007,-0.018,0.018,-0.1179185845593428,1.633045001312183
0.6065582000010181,0.58,0.18,-0.04,0.007,-0.018,0.018,-0.11540508183162207,1.7477414752241063
0.6073208000016166,0.58,0.18,-0.04,0.007,-0.018,0.018,-0.11297265983705362,1.4483993077053936
0.6093797000012273,0.4,-0.16,-0.82,0.0,-0.015,0.005,-0.13577999339069705,-2.361425896672368
0.6093895000012708,0.4,-0.16,-0.82,0.0,-0.015,0.005,-0.15785160650712618,-6.4925191930937425
0.610913000000437,-0.14,0.0,-0.16,0.0,0.006,0.0,-0.15792090952302534,-5.060879568819986
0.6126559000003908,-0.14,0.0,-0.16,0.0,0.006,0.0,-0.15798797695776645,-4.04345203078936
0.6126628000001801,-0.14,0.0,-0.16,0.0,0.006,0.0,-0.15805288092687075,-4.047749592016645
0.614964800000962,-0.14,0.0,-0.16,0.0,0.006,0.0,-0.15811569121955235,-4.328366479684473
0.6149748000007094,-0.14,0.0,-0.16,0.0,0.006,0.0,-0.15817647537376034,-4.330248880323938
0.6184009000007791,-0.14,0.0,-0.16,0.0,0.006,0.0,-0.15823529874880032,-2.4891705492860194
0.6184128000004421,-0.14,0.0,-0.16,0.0,0.006,0.0,-0.1582922245956132,-2.4921932898864334
0.6195007000005717,-0.14,0.0,-0.16,0.0,0.006,0.0,-0.15834731412478698,-0.04965294569616385
0.6208063000012771,-0.14,0.0,-0.16,0.0,0.006,0.0,-0.1584006265723745,-0.04848908345126688
0.6218162000004668,-0.14,0.0,-0.16,0.0,0.006,0.0,-0.1584522192635882,-0.05067981461501384
0.6235907999998744,-0.14,0.0,-0.16,0.0,0.006,0.0,-0.1585021476744402,-0.0448013511403409
0.6236105000007228,-0.14,0.0,-0.16,0.0,0.006,0.0,-0.15855046549139376,-0.050287920220853884
0.6252773000014713,-0.44,-0.06,0.48,0.001,0.025,-0.018,-0.13795206337876817,2.949688117036574
0.6260333999998693,-0.44,-0.06,0.48,0.001,0.025,-0.018,-0.1180181258504208,5.269200511388584
0.6270954999999958,-0.44,-0.06,0.48,0.001,0.025,-0.018,-0.09872721856492336,6.844257376904956
0.6291451000015513,-0.44,-0.06,0.48,0.001,0.025,-0.018,-0.08005859861121616,8.117530951186016
0.6291524000007485,-0.44,-0.06,0.48,0.001,0.025,-0.018,-0.06199219220440274,9.983228023935608
0.6315857000008691,-0.44,-0.06,0.48,0.001,0.025,-0.018,-0.04450857310103491,11.663201408246156
0.6315940000004048,-0.44,-0.06,0.48,0.001,0.025,-0.018,-0.027588941710678952,13.38371387773723
0.6326604000005318,-0.44,-0.06,0.48,0.001,0.025,-0.018,-0.011215104881302214,16.23964042322291
0.6336830000000191,-0.44,-0.06,0.48,0.001,0.025,-0.018,0.00463054366325592,16.962609546695383
0.6346788000009838,-0.44,-0.06,0.48,0.001,0.025,-0.018,0.019965042254763792,16.797011715334925
0.6360297000010178,-0.44,-0.06,0.48,0.001,0.025,-0.018,0.034804879601384314,15.287957087547106
0.6370335000010527,-0.44,-0.06,0.48,0.001,0.025,-0.018,0.04916601251746869,14.881588958207203
0.6380563000002439,-0.44,-0.06,0.48,0.001,0.025,-0.018,0.06306388308142132,16.06096616770305
0.639107500001046,-0.44,-0.06,0.48,0.001,0.025,-0.018,0.07651343524008515,15.716296661371086
0.6401655999998184,-0.58,-0.6,-0.66,-0.015,-0.003,-0.018,0.05275493732911467,11.3362056017041
0.6406949000011082,-0.58,-0.6,-0.66,-0.015,-0.003,-0.018,0.029762842576562584,8.15345098094764
0.641689400001269,-0.58,-0.6,-0.66,-0.015,-0.003,-0.018,0.007512428299899277,2.0741536360253123
0.6427058000008401,-0.58,-0.6,-0.66,-0.015,-0.003,-0.018,-0.014020230677516829,-2.0670716783122387
0.6437686000008398,-0.58,-0.6,-0.66,-0.015,-0.003,-0.018,-0.03485828775243564,-6.031302119746056
0.6454066000005696,-0.58,-0.6,-0.66,-0.015,-0.003,-0.018,-0.05502414943784095,-9.579821587466936
0.6460614000006899,-0.58,-0.6,-0.66,-0.015,-0.003,-0.018,-0.07453949945597511,-13.702578891925663
0.647068100000979,-0.58,-0.6,-0.66,-0.015,-0.003,-0.018,-0.09342532205416947,-17.364922115762216
0.6480808000014804,-0.58,-0.6,-0.66,-0.015,-0.003,-0.018,-0.11170192456855109,-20.975043718534412
0.6496748000008665,-0.58,-0.6,-0.66,-0.015,-0.003,-0.018,-0.12938895925988816,-19.154492130665663
0.6496854000015446,-0.58,-0.6,-0.66,-0.015,-0.003,-0.018,-0.14650544444505306,-20.93115209752676
0.6509333000012703,-0.58,-0.6,-0.66,-0.015,-0.003,-0.018,-0.16306978494682556,-18.45348967932375
0.6517604000000574,-0.58,-0.6,-0.66,-0.015,-0.003,-0.018,-0.17909979188402475,-18.231568619351208
0.652821200001199,-0.58,-0.6,-0.66,-0.015,-0.003,-0.018,-0.19461270182324977,-17.647351486255285
0.653899700000693,-0.58,-0.6,-0.66,-0.015,-0.003,-0.018,-0.20962519531282237,-18.20313500049871
0.654888300001403,-0.58,-0.6,-0.66,-0.015,-0.003,-0.018,-0.22415341481886036,-17.837441109311012
0.6559206000001723,-0.58,-0.6,-0.66,-0.015,-0.003,-0.018,-0.23821298208276812,-16.601091633741703
0.6569398000010551,-0.58,-0.6,-0.66,-0.015,-0.003,-0.018,-0.25181901491880787,-16.045229581877237
0.6589865000005375,-0.58,-0.6,-0.66,-0.015,-0.003,-0.018,-0.2649861434698141,-14.562022424983338
0.6590121000008367,-0.58,-0.6,-0.66,-0.015,-0.003,-0.018,-0.27772852593852976,-15.886773122756704
0.6625345000011293,-0.58,-0.6,-0.66,-0.015,-0.003,-0.018,-0.2900598638114804,-9.826440240589234
0.6625457999998616,-0.58,-0.6,-0.66,-0.015,-0.003,-0.018,-0.30199341659175527,-11.042172920559542
0.6661370000001625,-0.58,-0.6,-0.66,-0.015,-0.003,-0.018,-0.31354201605653736,-6.711064361296896
0.6661474000011367,-0.58,-0.6,-0.66,-0.015,-0.003,-0.018,-0.3247180800547136,-7.917271073380663
0.6675055000014254,-0.58,-0.6,-0.66,-0.015,-0.003,-0.018,-0.3355336258594003,-8.281192907880422
0.668620300000839,-0.58,-0.6,-0.66,-0.015,-0.003,-0.018,-0.34600028308974223,-8.409364904543606
0.669630700000198,-0.58,-0.6,-0.66,-0.015,-0.003,-0.018,-0.3561293062158796,-9.31053837449209
0.6708536000005552,-0.58,-0.6,-0.66,-0.015,-0.003,-0.018,-0.3659315866605287,-9.120184016814916
0.671731100001125,-0.58,-0.6,-0.66,-0.015,-0.003,-0.018,-0.3754176645101891,-9.281451916876767
0.6735621000007086,-0.58,-0.6,-0.66,-0.015,-0.003,-0.018,-0.3845977398485701,-9.56966556501689
0.6735746000013023,-0.58,-0.6,-0.66,-0.015,-0.003,-0.018,-0.3934816837244227,-10.748046097616804
0.675109000001612,-0.58,-0.6,-0.66,-0.015,-0.003,-0.018,-0.4020790487655704,-9.868148985145927
0.6768122000012227,-0.58,-0.6,-0.66,-0.015,-0.003,-0.018,-0.410399079450552,-8.044253451038767
0.6768273000016052,-0.58,-0.6,-0.66,-0.015,-0.003,-0.018,-0.4184507220489213,-8.894966228402431
0.6824907000009262,-0.58,-0.6,-0.66,-0.015,-0.003,-0.018,-0.4262426342408916,-4.664213246343969
0.6825005999999121,-0.58,-0.6,-0.66,-0.015,-0.003,-0.018,-0.4337831944266693,-5.502651964253749
0.6848446000003605,-0.58,-0.6,-0.66,-0.015,-0.003,-0.018,-0.44108051073548643,-4.006066598353424
0.6848556000004464,-0.58,-0.6,-0.66,-0.015,-0.003,-0.018,-0.44814242974401913,-4.726097406681034
0.6875759000013204,0.4,0.1,0.46,0.003,-0.006,0.016,-0.4188475126555024,1.45424399921652
0.6875861000007717,0.4,0.1,0.46,0.003,-0.006,0.016,-0.3904975928924217,7.0151590355131015
0.689365700000053,0.12,0.44,-0.38,0.0,-0.012,-0.009,-0.39015896086363394,5.2485343100858515
0.6902446000003692,0.3,-0.08,-0.16,0.004,-0.031,0.003,-0.38273447825512963,5.611131945071106
0.6909393000005366,0.3,-0.08,-0.16,0.004,-0.031,0.003,-0.37554949508560936,6.000182179014226
0.6933791999999812,0.3,-0.08,-0.16,0.004,-0.031,0.003,-0.36859628556671875,8.492984459961697
0.6933868000014627,0.3,-0.08,-0.16,0.004,-0.031,0.003,-0.3618673731290827,9.273154175292445
0.6958179000012024,0.3,-0.08,-0.16,0.004,-0.031,0.003,-0.3553555223829833,7.703468851423013
0.695827300000019,0.3,-0.08,-0.16,0.004,-0.031,0.003,-0.349053731338371,8.458416914479855
0.6969328000013775,0.3,-0.08,-0.16,0.004,-0.031,0.003,-0.34295522387584293,8.110836792014087
0.6979367000003549,0.3,-0.08,-0.16,0.004,-0.031,0.003,-0.3370534424604932,6.195953611162107
0.6990739000011672,0.3,-0.08,-0.16,0.004,-0.031,0.003,-0.3313420410907999,6.058478375608651
0.6999579000002996,0.3,-0.08,-0.16,0.004,-0.031,0.003,-0.32581487847496765,5.859965179760775
0.7009678000013082,0.3,-0.08,-0.16,0.004,-0.031,0.003,-0.32046601142738806,6.342444473409364
0.7019985000006272,0.3,-0.08,-0.16,0.004,-0.031,0.003,-0.3152896884781175,6.184562213243048
0.7029870000005758,0.3,-0.08,-0.16,0.004,-0.031,0.003,-0.3102803436885008,6.06964569148078
0.7039982000005693,0.3,-0.08,-0.16,0.004,-0.031,0.003,-0.30543259066629114,6.102824067644874
0.7050029000001814,0.3,-0.08,-0.16,0.004,-0.031,0.003,-0.30074121677383014,5.946032184564379
0.7060153000002174,0.3,-0.08,-0.16,0.004,-0.031,0.003,-0.29620117752306147,5.147706728186425
0.7070191000002524,0.3,-0.08,-0.16,0.004,-0.031,0.003,-0.29180759115134985,4.981706521365954
0.7080349000007118,0.3,-0.08,-0.16,0.004,-0.031,0.003,-0.2875557333722741,4.886319352834631
0.7091099000008398,0.3,-0.08,-0.16,0.004,-0.031,0.003,-0.28344103229574913,4.6300094161622605
0.7103839000010339,0.3,-0.08,-0.16,0.004,-0.031,0.003,-0.2794590635120153,4.3549822024582685
0.7109393000009732,0.3,-0.08,-0.16,0.004,-0.031,0.003,-0.2756055453342084,4.498868384364137
0.7121991000003618,0.3,-0.08,-0.16,0.004,-0.031,0.003,-0.2718763341943953,4.1688658932271325
0.7132486999998946,0.3,-0.08,-0.16,0.004,-0.031,0.003,-0.2682674201881245,4.017639098521974
0.7142567999999301,0.3,-0.08,-0.16,0.004,-0.031,0.003,-0.26477492276270115,3.88660932278345
0.7152655999998387,0.3,-0.08,-0.16,0.004,-0.031,0.003,-0.2613950865445495,3.7626986130111137
0.7162832000012713,-0.12,0.32,0.58,0.014,0.009,0.021,-0.23425330955924148,6.212614456426201
0.7175565000015922,-0.12,0.32,0.58,0.014,0.009,0.021,-0.2079870737670079,8.356648000116449
0.7181372000013653,-0.12,0.32,0.58,0.014,0.009,0.021,-0.18256813590355603,11.174204511462104
0.7191753000006429,-0.12,0.32,0.58,0.014,0.009,0.021,-0.15796916377763487,13.819175528332686
0.720241500001066,-0.12,0.32,0.58,0.014,0.009,0.021,-0.13416370688158213,14.739425076079366
0.72137930000099,-0.12,0.32,0.58,0.014,0.009,0.021,-0.1111261679499182,17.510529861383862
0.7351839000002656,-0.12,0.32,0.58,0.014,0.009,0.021,-0.08883177543540471,0.0
0.7352068000000145,-0.12,0.32,0.58,0.014,0.009,0.021,-0.06725655687297231,942.1492925323819
